Substrate,r,K
Fructose,0.7701390196363386,0.020595864009142262
Galactose,0.7069850450861277,0.029542143149040138
Glucose,0.7627321824797243,0.02039778261484088
Lactose,0.7517951174855815,0.025131286292555535
Maltose,0.7017117421764414,0.018765910111019714
Sucrose,0.7910803048655162,0.02115589778455132
