Substrate,r,K
Fructose,0.7701390197135194,0.020252602559735496
Galactose,0.7069850451569795,0.029049778329024896
Glucose,0.7627321825561626,0.020057822493626743
Lactose,0.7517951175609234,0.02471243512154239
Maltose,0.7017117422467642,0.018453147631072572
Sucrose,0.7910803049447952,0.02080330251912318
