Substrate,r,K
Fructose,0.9447038641272815,0.00041049685082966377
Galactose,0.8672349891046385,0.000588805596819273
Glucose,0.9356181439430779,0.0004065488839963117
Lactose,0.9222020140382866,0.0005008924600641613
Maltose,0.8607664069824567,0.00037402398019456133
Sucrose,0.9703918439088484,0.00042165890404559543
