Line_UNIFORM,Line_MAXENT,Line_FBA
0.11458026358734862,0.02698076354282035,0.06191206900789547
