condition,objective
glc_1,0.8739215069684295
frc_1,0.873921506968431
