condition,objective
glc_1,0.9823718127269743
gal_1,0.9720026781193047
frc_1,0.9823718127269794
