Objective,Combination
0.2415015570971652,['Fructose']
0.21386979999223654,['Galactose']
0.24150155709717672,['Glucose']
0.22768567854470362,['Lactose']
0.24150155709718668,['Maltose']
0.24150155709717816,['Sucrose']
