Objective,Combination
0.21166294973531066,['Fructose']
0.2116629497353091,['Glucose']
