Objective,Combination
0.49153493231942924,['Fructose']
0.4915349323193995,['Galactose']
0.4915349323194309,['Glucose']
0.4915349323194175,['Lactose']
0.5256971384910855,['Maltose']
0.5256971384910782,['Sucrose']
