Reaction,Flux_Average_GR_01,Flux_Average_GR_02
GLCpts,100,100
G6PDH2r,31.4111,30.3722
GND,28.6333,24.7056
PGI,67.1833,68.4667
PFK,82.62,79.15
TKT1,12.2,7.25556
TKT2,10.12,4.44444
TALA,12.2,7.25556
GAPD,167.894,166.8
ENO,161.995,154.933
PYK,110.5,81.1333
PDH,141.6,146.166
CS,92.3,82.6611
ICDHyr,65.8611,52.7444
AKGDH,59.0944,48.8333
FUM,83.6112,73.6889
MDH,99.4722,89.1333
ME1,8.87778,14.1889
PPCK-PPC,15.9833,13.3611
ICL,33.8222,30.0833